-- =====================================================================
-- 02_seed.sql — Наполнение БД демонстрационными данными
-- Применяется после 01_schema.sql.
-- =====================================================================
-- Объёмы данных:
--   • справочники: 5 стран, 10 городов, 10 групп, 8 назначений, 5 должностей
--   • основные сущности: 10 производителей, 30 препаратов, 8 поставщиков,
--                        8 аптек, 10 сотрудников
--   • операционные: 25 поставок (~70 позиций), 25 отгрузок (~65 позиций)
--   • продажи: 55 записей
-- Даты разбросаны по периоду 2024-06 … 2026-04, чтобы корректно работали
-- запросы «за последний год», «за последние 6 месяцев» и т.д.
-- (текущая дата — 2026-04-19).
-- =====================================================================

-- --------------------------------------------------------------------
-- 1. СПРАВОЧНИКИ
-- --------------------------------------------------------------------

INSERT INTO countries (id_country, country_name) VALUES
    (1, 'Россия'),
    (2, 'Германия'),
    (3, 'Индия'),
    (4, 'Швейцария'),
    (5, 'Франция');

INSERT INTO cities (id_city, city_name, id_country) VALUES
    (1,  'Санкт-Петербург', 1),
    (2,  'Москва',          1),
    (3,  'Казань',          1),
    (4,  'Екатеринбург',    1),
    (5,  'Новосибирск',     1),
    (6,  'Берлин',          2),
    (7,  'Мюнхен',          2),
    (8,  'Мумбаи',          3),
    (9,  'Базель',          4),
    (10, 'Париж',           5);

INSERT INTO drug_groups (id_group, group_name) VALUES
    (1,  'Анальгетики'),
    (2,  'Антибиотики'),
    (3,  'Антигистаминные'),
    (4,  'Витамины'),
    (5,  'Гастроэнтерологические'),
    (6,  'Жаропонижающие'),
    (7,  'Противовирусные'),
    (8,  'Сердечно-сосудистые'),
    (9,  'Седативные'),
    (10, 'Офтальмологические');

INSERT INTO drug_purposes (id_purpose, purpose_name) VALUES
    (1, 'Обезболивающее'),
    (2, 'Жаропонижающее'),
    (3, 'Противовоспалительное'),
    (4, 'Противоаллергическое'),
    (5, 'Противовирусное'),
    (6, 'Общеукрепляющее'),
    (7, 'Антибактериальное'),
    (8, 'Гипотензивное');

INSERT INTO positions (id_position, position_name) VALUES
    (1, 'Кладовщик'),
    (2, 'Грузчик'),
    (3, 'Менеджер по закупкам'),
    (4, 'Бухгалтер'),
    (5, 'Директор');

-- --------------------------------------------------------------------
-- 2. ОСНОВНЫЕ СУЩНОСТИ
-- --------------------------------------------------------------------

INSERT INTO manufacturers (id_manufacturer, manufacturer_name, id_country) VALUES
    (1,  'Фармстандарт', 1),
    (2,  'Отисифарм',    1),
    (3,  'Bayer',        2),
    (4,  'Cipla',        3),
    (5,  'Sun Pharma',   3),
    (6,  'Novartis',     4),
    (7,  'Roche',        4),
    (8,  'Sanofi',       5),
    (9,  'Валента Фарм', 1),
    (10, 'Servier',      5);

-- Препараты: (id, название, производитель, назначение, группа, ед., закуп, розница)
INSERT INTO drugs (id_drug, drug_name, id_manufacturer, id_purpose, id_group, unit, purchase_price, retail_price) VALUES
    (1,  'Аспирин',              3, 1, 1,  'уп.', 150.00, 250.00),
    (2,  'Парацетамол',           1, 2, 6,  'уп.',  40.00,  80.00),
    (3,  'Ибупрофен',             2, 3, 1,  'уп.',  90.00, 180.00),
    (4,  'Амоксициллин',          4, 7, 2,  'уп.', 120.00, 220.00),
    (5,  'Азитромицин',           5, 7, 2,  'уп.', 250.00, 450.00),
    (6,  'Лоратадин',             6, 4, 3,  'уп.', 130.00, 280.00),
    (7,  'Цетиризин',             3, 4, 3,  'уп.', 140.00, 280.00),
    (8,  'Аскорбиновая кислота',  1, 6, 4,  'уп.',  30.00,  80.00),
    (9,  'Витамин D3',            2, 6, 4,  'фл.', 200.00, 400.00),
    (10, 'Мульти-табс',           9, 6, 4,  'уп.', 350.00, 650.00),
    (11, 'Омез',                  5, 3, 5,  'уп.',  80.00, 180.00),
    (12, 'Де-Нол',                9, 3, 5,  'уп.', 400.00, 750.00),
    (13, 'Нурофен',               2, 1, 1,  'уп.', 100.00, 220.00),
    (14, 'Кеторол',               5, 1, 1,  'уп.',  50.00, 120.00),
    (15, 'Анальгин',              1, 1, 1,  'уп.',  25.00,  60.00),
    (16, 'Цитрамон',              2, 2, 6,  'уп.',  30.00,  70.00),
    (17, 'Терафлю',               6, 2, 7,  'уп.', 220.00, 450.00),
    (18, 'Кагоцел',               9, 5, 7,  'уп.', 300.00, 550.00),
    (19, 'Арбидол',               1, 5, 7,  'уп.', 250.00, 480.00),
    (20, 'Эргоферон',             9, 5, 7,  'уп.', 350.00, 600.00),
    (21, 'Валидол',               1, 1, 8,  'уп.',  20.00,  50.00),
    (22, 'Корвалол',              1, 1, 8,  'фл.',  80.00, 160.00),
    (23, 'Конкор',                3, 8, 8,  'уп.', 180.00, 380.00),
    (24, 'Эналаприл',            10, 8, 8,  'уп.',  60.00, 130.00),
    (25, 'Лизиноприл',            8, 8, 8,  'уп.',  70.00, 150.00),
    (26, 'Настойка валерианы',    1, 6, 9,  'фл.',  50.00, 100.00),
    (27, 'Персен',                6, 6, 9,  'уп.', 280.00, 480.00),
    (28, 'Афобазол',              2, 6, 9,  'уп.', 300.00, 550.00),
    (29, 'Визин',                 7, 3, 10, 'фл.', 200.00, 400.00),
    (30, 'Тауфон',                1, 6, 10, 'фл.',  80.00, 160.00);

-- Поставщики
INSERT INTO suppliers (id_supplier, supplier_name, id_city, address, contact_last_name, contact_first_name, contact_patronymic, phone, inn, license_number) VALUES
    (1, 'ООО "ФармТорг"',      1, 'Невский пр., 100',  'Иванов',     'Алексей',   'Петрович',   '+7 (812) 111-22-33', '7812345678',   'ФС-99-02-000001'),
    (2, 'ЗАО "МедСнаб"',        2, 'Тверская ул., 10',  'Кузнецова',  'Марина',    'Сергеевна',  '+7 (495) 222-33-44', '7712345679',   'ФС-99-02-000002'),
    (3, 'ООО "ЛекаСфера"',      3, 'Баумана ул., 5',    'Галимов',    'Рустам',    'Ильдарович', '+7 (843) 333-44-55', '1612345680',   'ФС-99-02-000003'),
    (4, 'АО "Фарма-Логист"',    4, 'Ленина ул., 50',    'Смирнов',    'Игорь',     'Васильевич', '+7 (343) 444-55-66', '660123456789', 'ФС-99-02-000004'),
    (5, 'ООО "БалтФарм"',       1, 'пр. Большевиков, 20','Петров',    'Николай',   'Олегович',   '+7 (812) 555-66-77', '7812345682',   'ФС-99-02-000005'),
    (6, 'ЗАО "Медикал Трейд"',  2, 'Арбат ул., 3',      'Соколова',   'Татьяна',   'Андреевна',  '+7 (495) 666-77-88', '7712345683',   'ФС-99-02-000006'),
    (7, 'ООО "Сибирь-Мед"',     5, 'Красный пр., 15',   'Васильев',   'Дмитрий',   'Михайлович', '+7 (383) 777-88-99', '5412345684',   'ФС-99-02-000007'),
    (8, 'ООО "ФармПоставка"',   1, 'Невский пр., 55',   'Белкина',    'Ольга',     'Игоревна',   '+7 (812) 888-99-00', '7812345685',   'ФС-99-02-000008');

-- Филиалы аптек
INSERT INTO pharmacies (id_pharmacy, pharmacy_name, id_city, address, phone) VALUES
    (1, 'Аптека №1',         1, 'Невский пр., 45',      '+7 (812) 101-01-01'),
    (2, 'Аптека №2',         1, 'Садовая ул., 20',      '+7 (812) 102-02-02'),
    (3, 'Аптека-Плюс',       2, 'Ленинский пр., 100',   '+7 (495) 103-03-03'),
    (4, 'Здоровье',          2, 'Пятницкая ул., 30',    '+7 (495) 104-04-04'),
    (5, 'Будь здоров',       3, 'Баумана ул., 12',      '+7 (843) 105-05-05'),
    (6, 'Первая помощь',     4, 'Вайнера ул., 15',      '+7 (343) 106-06-06'),
    (7, 'Аптека на углу',    5, 'Красный пр., 50',      '+7 (383) 107-07-07'),
    (8, 'Фармакон',          1, 'пр. Ветеранов, 80',    '+7 (812) 108-08-08');

-- Сотрудники
INSERT INTO employees (id_employee, last_name, first_name, patronymic, passport_data, id_position, phone, salary) VALUES
    (1,  'Иванов',    'Иван',     'Иванович',     '4012 123456', 1, '+7 (921) 111-11-01', 65000.00),
    (2,  'Петров',    'Пётр',     'Петрович',     '4012 123457', 1, '+7 (921) 111-11-02', 62000.00),
    (3,  'Сидоров',   'Сидор',    'Сидорович',    '4012 123458', 2, '+7 (921) 111-11-03', 48000.00),
    (4,  'Кузнецов',  'Алексей',  'Михайлович',   '4012 123459', 2, '+7 (921) 111-11-04', 47000.00),
    (5,  'Смирнова',  'Мария',    'Сергеевна',    '4012 123460', 3, '+7 (921) 111-11-05', 95000.00),
    (6,  'Волкова',   'Елена',    'Владимировна', '4012 123461', 3, '+7 (921) 111-11-06', 92000.00),
    (7,  'Соколов',   'Дмитрий',  'Олегович',     '4012 123462', 4, '+7 (921) 111-11-07', 85000.00),
    (8,  'Морозова',  'Анна',     'Игоревна',     '4012 123463', 4, '+7 (921) 111-11-08', 82000.00),
    (9,  'Новиков',   'Сергей',   'Андреевич',    '4012 123464', 5, '+7 (921) 111-11-09', 180000.00),
    (10, 'Фёдорова',  'Ольга',    'Николаевна',   '4012 123465', 1, '+7 (921) 111-11-10', 64000.00);

-- --------------------------------------------------------------------
-- 3. ПОСТАВКИ НА СКЛАД
-- --------------------------------------------------------------------
-- Сценарий: поставщик 1 («ФармТорг») — самый активный за последний год
-- (важно для запроса 5.8 «топ-поставщик»).

INSERT INTO warehouse_supplies (id_supply, id_supplier, id_employee, supply_date, batch_number) VALUES
    (1,  1, 1,  '2024-06-10', 'ПРТ-2024-001'),
    (2,  2, 1,  '2024-07-05', 'МСН-2024-001'),
    (3,  3, 2,  '2024-08-12', 'ЛКС-2024-001'),
    (4,  1, 10, '2024-09-20', 'ПРТ-2024-002'),
    (5,  4, 1,  '2024-10-15', 'ФЛГ-2024-001'),
    (6,  5, 2,  '2024-11-08', 'БФ-2024-001'),
    (7,  2, 10, '2024-12-03', 'МСН-2024-002'),
    (8,  6, 1,  '2025-01-14', 'МТ-2025-001'),
    (9,  1, 2,  '2025-02-21', 'ПРТ-2025-001'),
    (10, 7, 10, '2025-03-18', 'СМ-2025-001'),
    (11, 1, 1,  '2025-05-06', 'ПРТ-2025-002'),
    (12, 8, 2,  '2025-06-12', 'ФП-2025-001'),
    (13, 3, 10, '2025-07-22', 'ЛКС-2025-001'),
    (14, 1, 1,  '2025-08-09', 'ПРТ-2025-003'),
    (15, 5, 2,  '2025-09-14', 'БФ-2025-001'),
    (16, 1, 10, '2025-10-03', 'ПРТ-2025-004'),
    (17, 2, 1,  '2025-11-11', 'МСН-2025-001'),
    (18, 1, 2,  '2025-12-07', 'ПРТ-2025-005'),
    (19, 4, 10, '2026-01-19', 'ФЛГ-2026-001'),
    (20, 1, 1,  '2026-02-04', 'ПРТ-2026-001'),
    (21, 6, 2,  '2026-02-18', 'МТ-2026-001'),
    (22, 1, 10, '2026-03-02', 'ПРТ-2026-002'),
    (23, 8, 1,  '2026-03-15', 'ФП-2026-001'),
    (24, 1, 2,  '2026-03-28', 'ПРТ-2026-003'),
    (25, 3, 10, '2026-04-08', 'ЛКС-2026-001');

-- Позиции поставок: 2-4 препарата на поставку (больший запас — для корректных остатков)
INSERT INTO warehouse_supply_items (id_supply, id_drug, quantity) VALUES
    -- поставка 1 (ФармТорг, разные препараты)
    (1, 1, 200), (1, 3, 150), (1, 15, 300),
    -- поставка 2 (МедСнаб)
    (2, 4, 180), (2, 5, 120),
    -- поставка 3 (ЛекаСфера)
    (3, 6, 200), (3, 7, 150), (3, 8, 400),
    -- поставка 4 (ФармТорг)
    (4, 2, 500), (4, 16, 300), (4, 13, 250),
    -- поставка 5 (Фарма-Логист)
    (5, 9, 150), (5, 10, 100),
    -- поставка 6 (БалтФарм)
    (6, 11, 200), (6, 12, 100),
    -- поставка 7 (МедСнаб)
    (7, 17, 150), (7, 18, 120), (7, 19, 180),
    -- поставка 8 (Медикал Трейд)
    (8, 20, 100), (8, 27, 150),
    -- поставка 9 (ФармТорг)
    (9, 14, 200), (9, 21, 300), (9, 22, 250), (9, 26, 200),
    -- поставка 10 (Сибирь-Мед)
    (10, 23, 150), (10, 24, 200),
    -- поставка 11 (ФармТорг)
    (11, 25, 180), (11, 28, 120), (11, 29, 100),
    -- поставка 12 (ФармПоставка)
    (12, 30, 150), (12, 8, 300),
    -- поставка 13 (ЛекаСфера) — год от сегодня = 2025-04-19, дальше всё считается за «последний год»
    (13, 5, 150), (13, 6, 100),
    -- поставка 14 (ФармТорг) — входит в «последний год»
    (14, 1, 250), (14, 13, 200), (14, 16, 300),
    -- поставка 15 (БалтФарм)
    (15, 11, 180), (15, 12, 120),
    -- поставка 16 (ФармТорг)
    (16, 2, 400), (16, 4, 250), (16, 7, 180), (16, 9, 100),
    -- поставка 17 (МедСнаб)
    (17, 17, 150), (17, 18, 200),
    -- поставка 18 (ФармТорг)
    (18, 3, 300), (18, 14, 250), (18, 15, 400), (18, 21, 200),
    -- поставка 19 (Фарма-Логист)
    (19, 23, 180), (19, 25, 150),
    -- поставка 20 (ФармТорг)
    (20, 10, 120), (20, 19, 150), (20, 20, 100),
    -- поставка 21 (Медикал Трейд)
    (21, 27, 150), (21, 28, 120), (21, 29, 100),
    -- поставка 22 (ФармТорг)
    (22, 22, 250), (22, 24, 200), (22, 26, 150),
    -- поставка 23 (ФармПоставка)
    (23, 30, 180),
    -- поставка 24 (ФармТорг)
    (24, 6, 200), (24, 8, 350), (24, 11, 200),
    -- поставка 25 (ЛекаСфера)
    (25, 5, 100), (25, 12, 100);

-- --------------------------------------------------------------------
-- 4. ОТГРУЗКИ В ФИЛИАЛЫ
-- --------------------------------------------------------------------

INSERT INTO pharmacy_dispatches (id_dispatch, id_pharmacy, id_employee, dispatch_date) VALUES
    (1,  1, 1,  '2024-07-15'),
    (2,  2, 1,  '2024-08-01'),
    (3,  3, 2,  '2024-09-05'),
    (4,  4, 10, '2024-10-10'),
    (5,  5, 1,  '2024-11-15'),
    (6,  6, 2,  '2024-12-20'),
    (7,  7, 10, '2025-01-25'),
    (8,  8, 1,  '2025-02-28'),
    (9,  1, 2,  '2025-04-05'),
    (10, 2, 10, '2025-05-18'),
    (11, 3, 1,  '2025-06-22'),
    (12, 4, 2,  '2025-07-27'),
    (13, 5, 10, '2025-08-30'),
    (14, 6, 1,  '2025-10-02'),
    (15, 7, 2,  '2025-10-28'),
    (16, 8, 10, '2025-11-14'),
    (17, 1, 1,  '2025-12-05'),
    (18, 2, 2,  '2025-12-22'),
    (19, 3, 10, '2026-01-10'),
    (20, 4, 1,  '2026-01-28'),
    (21, 5, 2,  '2026-02-15'),
    (22, 6, 10, '2026-03-01'),
    (23, 7, 1,  '2026-03-18'),
    (24, 8, 2,  '2026-04-02'),
    (25, 1, 10, '2026-04-14');

INSERT INTO pharmacy_dispatch_items (id_dispatch, id_drug, quantity) VALUES
    -- отгрузка 1 → Аптека №1
    (1,  1, 30), (1,  2, 50), (1,  15, 40),
    (2,  3, 25), (2,  13, 30),
    (3,  4, 20), (3,  5, 15), (3,  7, 25),
    (4,  6, 30), (4,  8, 50), (4,  9, 20),
    (5,  10, 15), (5, 11, 25),
    (6,  12, 10), (6, 17, 20), (6, 18, 15),
    (7,  19, 20), (7, 20, 15),
    (8,  14, 25), (8, 21, 40), (8, 22, 30),
    -- последние 6 месяцев от 2026-04-19 → с ~2025-10-19
    (9,  23, 20), (9,  24, 30),
    (10, 25, 25), (10, 26, 20), (10, 27, 15),
    (11, 28, 15), (11, 29, 10),
    (12, 30, 20), (12, 8,  40),
    (13, 1,  35), (13, 2,  45),
    (14, 5,  20), (14, 6,  30),  -- filial 6, окт 2025
    (15, 11, 25), (15, 12, 15),  -- filial 7
    (16, 1,  40), (16, 4,  30), (16, 13, 35),  -- filial 8
    (17, 2,  60), (17, 15, 50),  -- filial 1, дек 2025
    (18, 3,  40), (18, 7,  30),  -- filial 2
    (19, 8,  60), (19, 10, 25),  -- filial 3
    (20, 17, 30), (20, 18, 20),  -- filial 4
    (21, 14, 25), (21, 16, 35),  -- filial 5, фев 2026
    (22, 19, 25), (22, 20, 15),  -- filial 6
    (23, 21, 35), (23, 22, 40),  -- filial 7
    (24, 23, 25), (24, 25, 20),  -- filial 8
    (25, 2,  50), (25, 13, 35), (25, 4, 30);  -- filial 1, апрель 2026

-- --------------------------------------------------------------------
-- 5. РОЗНИЧНЫЕ ПРОДАЖИ
-- --------------------------------------------------------------------
-- Продажи сделаны так, чтобы:
--   • в последние 6 месяцев (с ~2025-10-19) было много продаж по каждому филиалу
--     → корректный результат запроса 5.9 (топ-3 по филиалам);
--   • самыми продаваемыми были Парацетамол (2), Аспирин (1), Анальгин (15),
--     Амоксициллин (4), Нурофен (13) — для запроса 5.7.

INSERT INTO pharmacy_sales (id_pharmacy, id_drug, quantity, sale_date, sale_price) VALUES
    (1, 2,  5, '2024-08-20',  80.00),
    (1, 15, 3, '2024-09-01',  60.00),
    (2, 1,  2, '2024-09-15', 250.00),
    (3, 4,  1, '2024-10-05', 220.00),
    (4, 8,  4, '2024-10-20',  80.00),
    (5, 11, 2, '2024-11-25', 180.00),
    (6, 13, 3, '2024-12-10', 220.00),
    (7, 17, 1, '2025-01-15', 450.00),
    (8, 3,  2, '2025-02-18', 180.00),
    (1, 2,  6, '2025-03-22',  80.00),
    (2, 15, 4, '2025-04-11',  60.00),
    (3, 1,  3, '2025-05-19', 250.00),
    (4, 4,  2, '2025-06-24', 230.00),
    (5, 6,  3, '2025-07-28', 280.00),
    -- последние 6 месяцев: множество продаж ----------------
    (1, 2,  8, '2025-10-25',  80.00),
    (1, 2,  5, '2025-11-10',  85.00),
    (1, 15, 6, '2025-11-20',  60.00),
    (1, 1,  3, '2025-12-05', 250.00),
    (1, 13, 4, '2026-01-12', 220.00),
    (1, 2,  7, '2026-02-14',  80.00),
    (1, 15, 5, '2026-03-01',  65.00),
    (1, 2, 10, '2026-04-10',  80.00),
    (2, 3,  4, '2025-10-30', 180.00),
    (2, 7,  3, '2025-11-18', 280.00),
    (2, 3,  5, '2025-12-22', 180.00),
    (2, 15, 7, '2026-01-19',  60.00),
    (2, 7,  4, '2026-02-27', 280.00),
    (2, 3,  6, '2026-03-15', 190.00),
    (3, 4,  3, '2025-11-05', 220.00),
    (3, 5,  2, '2025-12-02', 450.00),
    (3, 8,  5, '2026-01-08',  80.00),
    (3, 4,  4, '2026-02-10', 230.00),
    (3, 10, 2, '2026-03-12', 650.00),
    (3, 4,  5, '2026-04-05', 220.00),
    (4, 17, 3, '2025-11-22', 450.00),
    (4, 18, 2, '2025-12-18', 550.00),
    (4, 8,  6, '2026-01-25',  80.00),
    (4, 17, 4, '2026-02-20', 450.00),
    (4, 8,  3, '2026-03-14',  85.00),
    (5, 14, 4, '2025-10-29', 120.00),
    (5, 16, 5, '2025-11-15',  70.00),
    (5, 14, 3, '2025-12-20', 120.00),
    (5, 11, 6, '2026-01-15', 180.00),
    (5, 16, 4, '2026-02-22',  75.00),
    (5, 14, 5, '2026-03-25', 120.00),
    (6, 19, 3, '2025-11-04', 480.00),
    (6, 20, 2, '2025-12-11', 600.00),
    (6, 6,  5, '2026-01-29', 280.00),
    (6, 19, 4, '2026-03-08', 485.00),
    (7, 21, 6, '2025-11-12',  50.00),
    (7, 22, 4, '2025-12-17', 160.00),
    (7, 21, 5, '2026-01-22',  50.00),
    (7, 22, 3, '2026-03-21', 160.00),
    (8, 23, 2, '2025-11-08', 380.00),
    (8, 25, 3, '2025-12-14', 150.00),
    (8, 23, 4, '2026-02-05', 380.00),
    (8, 4,  2, '2026-04-01', 230.00);

-- --------------------------------------------------------------------
-- 6. СИНХРОНИЗАЦИЯ ПОСЛЕДОВАТЕЛЬНОСТЕЙ (после явных INSERT с id)
-- --------------------------------------------------------------------
-- При INSERT с явным id sequence не продвигается автоматически — это
-- приведёт к конфликту PK при первой же вставке без id. Исправляем.
SELECT setval('countries_id_country_seq',                     (SELECT MAX(id_country)   FROM countries));
SELECT setval('cities_id_city_seq',                           (SELECT MAX(id_city)      FROM cities));
SELECT setval('drug_groups_id_group_seq',                     (SELECT MAX(id_group)     FROM drug_groups));
SELECT setval('drug_purposes_id_purpose_seq',                 (SELECT MAX(id_purpose)   FROM drug_purposes));
SELECT setval('positions_id_position_seq',                    (SELECT MAX(id_position)  FROM positions));
SELECT setval('manufacturers_id_manufacturer_seq',            (SELECT MAX(id_manufacturer) FROM manufacturers));
SELECT setval('drugs_id_drug_seq',                            (SELECT MAX(id_drug)      FROM drugs));
SELECT setval('suppliers_id_supplier_seq',                    (SELECT MAX(id_supplier)  FROM suppliers));
SELECT setval('pharmacies_id_pharmacy_seq',                   (SELECT MAX(id_pharmacy)  FROM pharmacies));
SELECT setval('employees_id_employee_seq',                    (SELECT MAX(id_employee)  FROM employees));
SELECT setval('warehouse_supplies_id_supply_seq',             (SELECT MAX(id_supply)    FROM warehouse_supplies));
SELECT setval('warehouse_supply_items_id_supply_item_seq',    (SELECT MAX(id_supply_item) FROM warehouse_supply_items));
SELECT setval('pharmacy_dispatches_id_dispatch_seq',          (SELECT MAX(id_dispatch)  FROM pharmacy_dispatches));
SELECT setval('pharmacy_dispatch_items_id_dispatch_item_seq', (SELECT MAX(id_dispatch_item) FROM pharmacy_dispatch_items));
SELECT setval('pharmacy_sales_id_sale_seq',                   (SELECT MAX(id_sale)      FROM pharmacy_sales));
